,Id,prediction
0,1461,130541.06862494466
1,1462,135602.25848840643
2,1463,179736.66437372565
3,1464,203643.98505790322
4,1465,186457.90648159885
5,1466,175301.6384899926
6,1467,183816.55103019113
7,1468,169233.27538543788
8,1469,194852.63261140604
9,1470,115793.27824420016
10,1471,195209.84641008638
11,1472,111660.4769237676
12,1473,106166.51908452169
13,1474,146749.062171428
14,1475,112379.18245922367
15,1476,314244.43316454045
16,1477,251418.85902259767
17,1478,294466.3737132731
18,1479,275988.34929377935
19,1480,412446.2490520561
20,1481,288267.945898714
21,1482,216402.56460282754
22,1483,176463.60687499295
23,1484,173664.2937183975
24,1485,190347.71768936794
25,1486,209444.10675414884
26,1487,303424.9298837659
27,1488,251568.2567516308
28,1489,194198.13245097175
29,1490,228748.77960884175
30,1491,208708.05400871928
31,1492,92754.87674687465
32,1493,215476.8818268379
33,1494,289693.55470775266
34,1495,266438.19894215255
35,1496,221402.45154057408
36,1497,169791.83781874075
37,1498,159194.01109503
38,1499,154004.89090661192
39,1500,153364.62153344916
40,1501,198579.93258050305
41,1502,150432.5996877636
42,1503,283584.58597519563
43,1504,242656.67379070807
44,1505,227269.1963150287
45,1506,201179.60460381408
46,1507,250002.42551508418
47,1508,200653.75231999077
48,1509,155731.0810889888
49,1510,153571.06361768034
50,1511,150394.7702512514
51,1512,184929.86638263892
52,1513,153697.57142900233
53,1514,151710.96501589625
54,1515,208330.7769408787
55,1516,159285.96989769093
56,1517,157056.98719786422
57,1518,137384.77128293447
58,1519,241105.04710822273
59,1520,133209.99383332313
60,1521,132129.10619742365
61,1522,195668.43708076456
62,1523,97714.13614370872
63,1524,115207.4536009127
64,1525,106546.07498547423
65,1526,81702.25121119875
66,1527,110239.24507931201
67,1528,136688.62640209554
68,1529,141949.32993375487
69,1530,221217.24728529458
70,1531,154805.83723871107
71,1532,92287.7669483755
72,1533,159023.9473207274
73,1534,122468.18937138305
74,1535,150410.13622319035
75,1536,111676.43348853826
76,1537,66008.21554792178
77,1538,170353.55354923685
78,1539,225407.80492736865
79,1540,132768.04129513027
80,1541,153222.68975843024
81,1542,135230.62093685335
82,1543,185849.891967325
83,1544,74812.2802427155
84,1545,115302.65334151604
85,1546,146481.1224134568
86,1547,142888.13082306786
87,1548,137739.30167810025
88,1549,135382.28736788104
89,1550,135520.67989491683
90,1551,119768.27225597878
91,1552,153218.2087727891
92,1553,151915.37952405796
93,1554,114518.05627107352
94,1555,164067.58443035826
95,1556,91868.9869239342
96,1557,84024.36425624741
97,1558,103434.91418715904
98,1559,95686.63377686671
99,1560,125577.01140741783
100,1561,115634.98444343347
101,1562,128313.83784985123
102,1563,120698.20152710297
103,1564,156990.4287585637
104,1565,150001.1377619732
105,1566,229550.9407794663
106,1567,70927.70320917305
107,1568,234484.34213424427
108,1569,125876.93595717428
109,1570,154434.60519878962
110,1571,99455.25361800299
111,1572,143865.41606921388
112,1573,240608.5744252837
113,1574,138877.41072588845
114,1575,233721.65888173587
115,1576,258823.16741724208
116,1577,198436.59852882184
117,1578,150041.83260989923
118,1579,133376.50989560247
119,1580,197373.81930117344
120,1581,162795.66345452797
121,1582,120773.77119393251
122,1583,296975.0863976057
123,1584,236603.8961707207
124,1585,144082.30255336442
125,1586,53569.41924644553
126,1587,108903.91905264778
127,1588,155691.9159951919
128,1589,112298.09664166917
129,1590,125944.64066112111
130,1591,88794.89675883215
131,1592,136826.7968154779
132,1593,125485.06892490515
133,1594,137491.06637742487
134,1595,123096.29099759914
135,1596,219351.69893241941
136,1597,192083.95792444376
137,1598,187532.22697159066
138,1599,181142.4894561458
139,1600,176536.46732253116
140,1601,42243.08516150684
141,1602,137119.02610194066
142,1603,85397.39914562972
143,1604,250425.88529307419
144,1605,244467.00087471004
145,1606,163667.42017671652
146,1607,190836.39207993855
147,1608,216860.82662916475
148,1609,192299.50624250574
149,1610,148064.75656235637
150,1611,143570.0470668486
151,1612,181385.66867967462
152,1613,182834.3777423224
153,1614,131049.63514142623
154,1615,82802.17916997173
155,1616,61817.21001838951
156,1617,78876.99117735028
157,1618,120847.07378269907
158,1619,151158.08399013814
159,1620,190929.358043871
160,1621,136874.1993222665
161,1622,151319.16206748935
162,1623,258058.82881007867
163,1624,226699.55526763014
164,1625,125704.25076908176
165,1626,191572.8288409852
166,1627,191999.85896647873
167,1628,278029.02514180145
168,1629,174607.38773232244
169,1630,303386.49160962435
170,1631,198794.02893538657
171,1632,217034.34607514367
172,1633,182018.26569142344
173,1634,191754.9933029844
174,1635,178293.9783064354
175,1636,160913.20307575678
176,1637,198500.0969636906
177,1638,210569.73719130468
178,1639,196216.91536146088
179,1640,248253.56511680863
180,1641,183559.03457544802
181,1642,227607.62590361282
182,1643,221545.503469471
183,1644,236430.78178579197
184,1645,219338.9369925107
185,1646,165269.0973861668
186,1647,160424.59916343854
187,1648,133499.3941329019
188,1649,135342.8178518439
189,1650,127208.90398109739
190,1651,122209.94426776026
191,1652,106814.11834111903
192,1653,107781.45375857258
193,1654,146395.2417134064
194,1655,141477.12896548992
195,1656,137019.1017646466
196,1657,145269.77179168712
197,1658,147892.98557153402
198,1659,122452.6528886368
199,1660,164926.80081846612
200,1661,365665.1785790757
201,1662,326049.37820302777
202,1663,332598.01969069976
203,1664,393253.68290678994
204,1665,291667.6455077806
205,1666,295658.31704198685
206,1667,321191.6670867952
207,1668,315163.0035275045
208,1669,282261.02087833616
209,1670,307774.2610234872
210,1671,267592.0895851494
211,1672,368275.69405637076
212,1673,281923.4051876536
213,1674,261651.8897452209
214,1675,202373.1908864379
215,1676,205002.14701324014
216,1677,209052.42767728306
217,1678,399332.772826839
218,1679,327466.93525630585
219,1680,290006.80655284284
220,1681,248016.36219745793
221,1682,286099.44318103406
222,1683,195461.3240901878
223,1684,192141.4203955112
224,1685,187245.76398821373
225,1686,177879.38687208924
226,1687,178560.0482445032
227,1688,210468.7834201447
228,1689,211247.13400239078
229,1690,207702.3482421618
230,1691,195954.22325080785
231,1692,255332.11486028798
232,1693,178529.9533132473
233,1694,186895.5068272634
234,1695,165993.0556673184
235,1696,265124.68890731246
236,1697,171010.58063889318
237,1698,310184.77938024513
238,1699,314156.95656102675
239,1700,258081.53939200402
240,1701,272525.750811987
241,1702,257630.87992369232
242,1703,250525.87935473397
243,1704,274428.1549548891
244,1705,254541.1488647447
245,1706,354971.06578208844
246,1707,217033.89618721697
247,1708,211469.38001931773
248,1709,265770.3142023515
249,1710,235210.72286804277
250,1711,264265.61902972916
251,1712,262584.07421338616
252,1713,255417.69954822317
253,1714,225985.53771093558
254,1715,205465.4399131512
255,1716,188449.71092711668
256,1717,188819.59417311708
257,1718,139509.87571322033
258,1719,211904.29664966697
259,1720,256053.81206054857
260,1721,184598.75406514632
261,1722,127647.28047162096
262,1723,163138.3825137053
263,1724,222589.25571363163
264,1725,241112.6555922582
265,1726,200951.905008037
266,1727,151834.50811652758
267,1728,193269.39857074
268,1729,164227.42632180965
269,1730,167962.9734067109
270,1731,126487.27847192017
271,1732,141202.22078507207
272,1733,118548.9621920602
273,1734,119977.16809040552
274,1735,130432.8582138248
275,1736,110632.6029414183
276,1737,312842.8237756711
277,1738,244620.41290360142
278,1739,261178.92577947257
279,1740,218686.3746715777
280,1741,196654.87001960655
281,1742,170963.39661516063
282,1743,176939.65040398273
283,1744,311696.98811663897
284,1745,215088.76658110344
285,1746,207383.44426034566
286,1747,226832.9063376888
287,1748,228456.84491145564
288,1749,157202.7640393176
289,1750,141533.01017641556
290,1751,260762.61186848034
291,1752,115705.9538358897
292,1753,159312.03312567575
293,1754,216535.20889402204
294,1755,176467.5350465743
295,1756,145992.47614292207
296,1757,113911.88530084293
297,1758,160479.7941378305
298,1759,173254.88786541973
299,1760,174200.73777216743
300,1761,161227.34565642173
301,1762,175444.9279871788
302,1763,171207.60320372833
303,1764,110337.65062788129
304,1765,180171.4093905798
305,1766,193666.11183172266
306,1767,222528.74897613935
307,1768,145188.17919569986
308,1769,174632.88398047187
309,1770,152709.8226911442
310,1771,127681.43303222826
311,1772,144822.87228281528
312,1773,128880.18991481455
313,1774,180953.36341329373
314,1775,139593.58462612564
315,1776,133874.9061095604
316,1777,96458.15062283305
317,1778,134938.98198709637
318,1779,140281.13185620622
319,1780,168592.72824443912
320,1781,128032.60281411896
321,1782,75941.3379893389
322,1783,150443.3476870911
323,1784,97864.08741101518
324,1785,134110.9124578553
325,1786,122072.31088470167
326,1787,189984.84649451042
327,1788,49506.71736479679
328,1789,115787.94146918447
329,1790,69342.62215515494
330,1791,234448.63894921448
331,1792,170609.95227683627
332,1793,145126.88490826718
333,1794,167537.58215530764
334,1795,131721.51840266213
335,1796,134808.82148041436
336,1797,160717.37391729397
337,1798,115611.3900979202
338,1799,99281.14445664466
339,1800,110129.648073324
340,1801,115540.40935146238
341,1802,138896.62679792882
342,1803,169417.8909285718
343,1804,133296.28643903846
344,1805,137372.72235915298
345,1806,121154.38328744483
346,1807,161331.27142451494
347,1808,121271.5119531576
348,1809,118478.78785384074
349,1810,141132.19756529713
350,1811,81145.02583831397
351,1812,104370.80372700421
352,1813,116502.30638536869
353,1814,83347.96876350255
354,1815,42047.801545509836
355,1816,104088.3426777008
356,1817,137152.46242425742
357,1818,165109.89146101475
358,1819,121133.93705970724
359,1820,58806.793437168235
360,1821,105166.15546948405
361,1822,162609.1758473392
362,1823,46437.3101326052
363,1824,142890.42060367868
364,1825,141019.1936883788
365,1826,109144.23596561549
366,1827,94938.03776469105
367,1828,142944.8162401514
368,1829,163252.2048392333
369,1830,159584.4409329975
370,1831,148268.61421519506
371,1832,116939.62034741836
372,1833,149386.13969066285
373,1834,121144.85581752402
374,1835,120960.34968299232
375,1836,131387.98157170217
376,1837,87809.63932462374
377,1838,103849.131744051
378,1839,93568.95426158851
379,1840,117967.90798125963
380,1841,127486.46030342206
381,1842,88329.67435232736
382,1843,155654.98825689603
383,1844,131129.50011238363
384,1845,134267.71239346138
385,1846,150746.76274178305
386,1847,173055.28929672483
387,1848,30661.573728612566
388,1849,130716.24963601527
389,1850,116168.29524059384
390,1851,155569.40635639406
391,1852,128632.75162959984
392,1853,128564.29013355367
393,1854,163733.60667319235
394,1855,154627.3344170925
395,1856,233469.11537528806
396,1857,143047.08814244368
397,1858,157177.71945269243
398,1859,119852.40632809931
399,1860,159600.23800864618
400,1861,119779.9606641574
401,1862,288026.51714907493
402,1863,282549.0243261212
403,1864,282557.7818842577
404,1865,324445.5883585096
405,1866,314281.62088405713
406,1867,242564.33240987582
407,1868,289553.5255469874
408,1869,221762.90614388068
409,1870,231939.46475741896
410,1871,257417.86996613105
411,1872,183225.27210709406
412,1873,234071.2021506104
413,1874,151537.85838016134
414,1875,201805.10411520663
415,1876,202069.23040239094
416,1877,218276.35426079482
417,1878,226312.72396327474
418,1879,125431.51199758472
419,1880,127146.08138819959
420,1881,261432.63295363646
421,1882,255371.05526598042
422,1883,202672.6815390573
423,1884,211824.66223401786
424,1885,237878.23958047573
425,1886,272022.10557944595
426,1887,228710.32068253844
427,1888,270881.2597568757
428,1889,174047.53150287992
429,1890,131663.33864512644
430,1891,125679.38430800033
431,1892,90953.79971964948
432,1893,131779.1920659003
433,1894,128922.4853886927
434,1895,155287.06158960087
435,1896,125433.40034924261
436,1897,120655.68754412327
437,1898,117924.06068074133
438,1899,149428.1531866676
439,1900,147631.12797224813
440,1901,157838.48123831232
441,1902,151566.11577667668
442,1903,215255.1797207283
443,1904,142124.56412659527
444,1905,196862.97685803357
445,1906,149825.35386317153
446,1907,216558.58908859792
447,1908,112817.1363522691
448,1909,139049.5443189959
449,1910,125866.5101966724
450,1911,205590.1677622737
451,1912,283138.1216424098
452,1913,189616.6469167706
453,1914,59632.73348843667
454,1915,268593.3794796483
455,1916,54185.898892084486
456,1917,249424.08052654297
457,1918,135714.99391531444
458,1919,177745.23385721433
459,1920,169029.3593497749
460,1921,321965.4076093526
461,1922,292295.4064512907
462,1923,213544.1251992206
463,1924,230874.82700794737
464,1925,221595.8347219641
465,1926,333785.86333694635
466,1927,135423.05178618827
467,1928,165086.81196661294
468,1929,120026.50549848995
469,1930,134496.33271515998
470,1931,141538.4984631699
471,1932,139220.96637340565
472,1933,203296.41153661069
473,1934,183631.38360935217
474,1935,177524.92287525162
475,1936,197026.21719686757
476,1937,180560.09651358007
477,1938,175181.35444572777
478,1939,226698.91569093312
479,1940,188032.4404554629
480,1941,176113.0609616763
481,1942,182153.80129363667
482,1943,191521.68065299338
483,1944,296532.0226032735
484,1945,320333.1031925754
485,1946,159599.24232722016
486,1947,258228.12308902957
487,1948,184893.14001763344
488,1949,240116.20599012193
489,1950,200097.7618483085
490,1951,266311.29813116277
491,1952,232764.4170033962
492,1953,199271.1089434859
493,1954,197859.1691023641
494,1955,132626.0928059304
495,1956,318244.7467769907
496,1957,160128.83299008873
497,1958,298913.873588315
498,1959,154724.542150383
499,1960,102408.66524873534
500,1961,126282.52662412554
501,1962,100974.25191448838
502,1963,122087.05201349524
503,1964,106963.03078567935
504,1965,140598.57279245206
505,1966,135815.41863609932
506,1967,284502.32595011464
507,1968,357612.8526724534
508,1969,327322.3437681836
509,1970,352161.8138407265
510,1971,386017.99925092177
511,1972,333700.8206610468
512,1973,273286.44497143815
513,1974,301525.0449002611
514,1975,375678.9589357852
515,1976,277279.9041834709
516,1977,337478.57108964154
517,1978,310467.17710355937
518,1979,294555.4084516164
519,1980,186077.68464689679
520,1981,309110.53828550945
521,1982,215149.56082768226
522,1983,206053.41111361713
523,1984,180454.54380769748
524,1985,228918.58613576705
525,1986,217067.61550686054
526,1987,197812.4251926291
527,1988,185280.9672353285
528,1989,205394.95117899717
529,1990,226801.54218311468
530,1991,222298.43930205284
531,1992,244850.18418422178
532,1993,205910.49875235104
533,1994,241706.20983137633
534,1995,190630.88501854462
535,1996,287929.912558299
536,1997,289548.7853656035
537,1998,295711.21817744407
538,1999,262137.40828753368
539,2000,298278.94047436817
540,2001,284979.68314775114
541,2002,236029.58019983023
542,2003,258476.7656196499
543,2004,287391.4445054537
544,2005,235522.30475672532
545,2006,223962.80774699396
546,2007,253444.3250711345
547,2008,220127.98299741745
548,2009,207696.93289814843
549,2010,209252.64271941292
550,2011,149393.68112783192
551,2012,181584.88204920664
552,2013,185069.38226950227
553,2014,199725.98214821087
554,2015,211230.09346826118
555,2016,200358.23513620428
556,2017,202876.06827283022
557,2018,130233.26422109012
558,2019,126562.69650762866
559,2020,73099.47322712897
560,2021,103097.67177497176
561,2022,182585.79649889958
562,2023,145789.62620839057
563,2024,277781.79191101657
564,2025,328116.20075736544
565,2026,171280.00476554327
566,2027,147288.15258802124
567,2028,157852.94692124194
568,2029,157088.53036127007
569,2030,251687.24230760103
570,2031,235291.69019398885
571,2032,236049.86424459983
572,2033,241983.02588278614
573,2034,168660.99967095477
574,2035,224556.42370099283
575,2036,210214.70949450915
576,2037,214240.10535427614
577,2038,282628.40612251486
578,2039,208942.68695442216
579,2040,341979.02886310616
580,2041,257600.64975847676
581,2042,201842.5938521059
582,2043,173368.5405904284
583,2044,193380.09814031504
584,2045,211743.76255437604
585,2046,145748.38515743928
586,2047,139510.8025519132
587,2048,147946.26524389104
588,2049,158080.6759893815
589,2050,174766.1069853343
590,2051,111451.29545968655
591,2052,128062.33812407649
592,2053,140370.32856731722
593,2054,79074.9920748081
594,2055,160516.92555839708
595,2056,142367.67209409364
596,2057,117867.02237932838
597,2058,224441.7259791717
598,2059,137363.06247563288
599,2060,178830.35883049492
600,2061,185590.16502028937
601,2062,120655.51051061158
602,2063,106962.02102888678
603,2064,139375.5713443798
604,2065,117613.02343697345
605,2066,177290.71410376532
606,2067,131826.29526630766
607,2068,149506.36892087676
608,2069,80261.86044002767
609,2070,113324.59210180386
610,2071,102121.11393528071
611,2072,180925.95012169145
612,2073,132600.42753298592
613,2074,171718.18343111314
614,2075,153043.86182773113
615,2076,129763.8491830905
616,2077,148290.8506435752
617,2078,117606.61156105017
618,2079,149095.04142018163
619,2080,105355.47168994334
620,2081,122012.36662955896
621,2082,123983.1170729883
622,2083,144308.66067450924
623,2084,101276.41264266043
624,2085,112620.18866243272
625,2086,131818.82416343957
626,2087,116636.02506222297
627,2088,100088.9382565004
628,2089,72594.87868831458
629,2090,126020.09713986132
630,2091,73301.12039215327
631,2092,135340.86682234763
632,2093,130981.40825738851
633,2094,112467.40648184787
634,2095,141013.3063520227
635,2096,82512.4223224289
636,2097,95799.32984918903
637,2098,153327.5513636691
638,2099,35269.16498994286
639,2100,63519.20310134761
640,2101,117452.84015455318
641,2102,138337.0946098814
642,2103,98058.08125008107
643,2104,141674.15491740545
644,2105,129052.60780452134
645,2106,53986.76498433133
646,2107,215040.4963940417
647,2108,113276.48510928475
648,2109,97088.81164034759
649,2110,145352.96550383396
650,2111,155636.28678226878
651,2112,136828.8690678262
652,2113,108390.7421971215
653,2114,112836.25610552274
654,2115,153855.43174685305
655,2116,110293.56893156492
656,2117,169683.62458515586
657,2118,130654.845704254
658,2119,108669.28605396964
659,2120,112085.56781835982
660,2121,85327.15055199258
661,2122,125878.0329599916
662,2123,79681.73279947822
663,2124,175115.9334571606
664,2125,152795.21167070232
665,2126,172700.96742491738
666,2127,177625.5356881488
667,2128,142534.42788480478
668,2129,103601.73443690327
669,2130,138782.63998962007
670,2131,132555.19797118974
671,2132,119375.85909912374
672,2133,135309.38701606798
673,2134,139167.6619988489
674,2135,117647.64162476792
675,2136,69105.61719566362
676,2137,110345.64593770693
677,2138,130182.39300271927
678,2139,142399.3057561695
679,2140,136237.42042370955
680,2141,154982.17082556302
681,2142,132013.15857034805
682,2143,148332.32686357864
683,2144,96034.21498418064
684,2145,136614.800951118
685,2146,170572.59359162068
686,2147,146656.41804785538
687,2148,144161.9108140862
688,2149,157885.3637435286
689,2150,214319.16429512133
690,2151,125059.51140108076
691,2152,160658.34610757488
692,2153,194516.45343450876
693,2154,91396.27816281957
694,2155,152961.8323930567
695,2156,270299.2677412515
696,2157,242541.2157935151
697,2158,237610.23594532034
698,2159,213978.69385873026
699,2160,194605.8611035623
700,2161,257489.4927546559
701,2162,373247.726077424
702,2163,323490.88826995913
703,2164,242598.25826288038
704,2165,200654.3648036148
705,2166,157967.9297857678
706,2167,222857.33393147856
707,2168,196340.369734262
708,2169,205194.10267796228
709,2170,208944.539445083
710,2171,158289.760164961
711,2172,143465.61699737923
712,2173,179208.37008923967
713,2174,239115.81361473317
714,2175,280997.554071228
715,2176,288956.931262354
716,2177,246484.7778936344
717,2178,223290.30035686842
718,2179,136740.1246401691
719,2180,225066.04630958545
720,2181,201310.7006051197
721,2182,229851.921648431
722,2183,202820.48584522144
723,2184,135169.38959219866
724,2185,130633.15031946031
725,2186,159483.18481776933
726,2187,159832.05691338796
727,2188,155601.13186866022
728,2189,271269.4770308222
729,2190,70917.57229843759
730,2191,68801.80029317684
731,2192,53784.32634049037
732,2193,103542.09166830068
733,2194,101367.44676740479
734,2195,99126.33645479486
735,2196,95875.52233484841
736,2197,108441.24813986698
737,2198,169177.77661369124
738,2199,196077.52072312473
739,2200,159740.41312755714
740,2201,154091.03258710925
741,2202,184162.95889911568
742,2203,161719.7930815753
743,2204,159302.99996918894
744,2205,108548.17096330831
745,2206,150772.35842077376
746,2207,210460.92873347446
747,2208,237737.25208671833
748,2209,206082.70714974892
749,2210,122824.58154264081
750,2211,112874.67119533324
751,2212,111971.54394181422
752,2213,98614.27421251743
753,2214,145756.85309347487
754,2215,94594.5911855161
755,2216,151963.64784085215
756,2217,55099.959031785605
757,2218,80485.33537639037
758,2219,70509.10848658695
759,2220,74371.40472178953
760,2221,270990.7309320902
761,2222,247028.00461022288
762,2223,291126.98562314967
763,2224,232736.0956527997
764,2225,138353.4791838209
765,2226,186600.229134409
766,2227,212098.6165853507
767,2228,270937.09856315027
768,2229,242484.496769852
769,2230,140629.43510498432
770,2231,215902.09496301156
771,2232,189717.00456513965
772,2233,196725.36257420655
773,2234,249887.4193417976
774,2235,224771.90488340345
775,2236,257447.31269593036
776,2237,316827.3710976078
777,2238,214671.38013407215
778,2239,113434.21496670891
779,2240,160424.5213700753
780,2241,146998.18807034835
781,2242,113063.06563267345
782,2243,121118.98651557136
783,2244,94178.29362956039
784,2245,96975.0566531365
785,2246,140600.06726731616
786,2247,114322.74728067906
787,2248,127661.20806023828
788,2249,117618.70902159344
789,2250,123447.18373337947
790,2251,115063.29294455319
791,2252,192615.0021874368
792,2253,153432.64794995217
793,2254,173447.95901334565
794,2255,197918.83055269998
795,2256,179641.54367166234
796,2257,212553.7845816092
797,2258,165329.22050378122
798,2259,180981.01903902518
799,2260,155827.7654599907
800,2261,183769.6830302201
801,2262,198090.252969236
802,2263,312848.630779495
803,2264,400429.7080277967
804,2265,137161.82182188483
805,2266,250818.59109298885
806,2267,347446.6358210152
807,2268,342976.909792915
808,2269,161030.33981278434
809,2270,197288.06790328515
810,2271,217219.97182954208
811,2272,226178.10088011227
812,2273,168365.88896616758
813,2274,189351.89332125045
814,2275,180482.81949612882
815,2276,198137.9149488093
816,2277,182634.5713668433
817,2278,160489.75375595922
818,2279,125893.96540105052
819,2280,106106.71857867902
820,2281,170404.70949687192
821,2282,179631.98118948867
822,2283,120020.70437256247
823,2284,118448.22660133918
824,2285,138590.0942548425
825,2286,121300.40413975436
826,2287,320248.1549075601
827,2288,273409.79871332704
828,2289,309738.5466678054
829,2290,366992.2893026497
830,2291,300745.9613798605
831,2292,355775.93667896267
832,2293,376414.89872266795
833,2294,330982.2291666212
834,2295,406756.3238434332
835,2296,258082.03130684968
836,2297,302422.59147330746
837,2298,309432.6046459703
838,2299,335221.8556610547
839,2300,301335.47582584573
840,2301,288310.49726037506
841,2302,255501.8034618384
842,2303,247168.6122486879
843,2304,243065.02035770856
844,2305,206601.24123588973
845,2306,200450.357053258
846,2307,203561.2762176022
847,2308,230655.7388253305
848,2309,263093.95551819936
849,2310,213662.46326624835
850,2311,210854.16878903273
851,2312,193475.28606391465
852,2313,179688.67179641488
853,2314,187974.54041104089
854,2315,191774.48258445458
855,2316,197256.04256257496
856,2317,185385.56908685772
857,2318,190397.9520596997
858,2319,194695.24714735104
859,2320,191311.73940752086
860,2321,236188.54580464785
861,2322,204167.67181682214
862,2323,182771.54430034908
863,2324,189391.2612295954
864,2325,223829.82522814884
865,2326,179916.04324485722
866,2327,212128.2248670219
867,2328,234601.1208880503
868,2329,192743.34465434053
869,2330,195308.93127585738
870,2331,320519.38867862674
871,2332,341973.8031476985
872,2333,296695.0233073913
873,2334,252086.6857150374
874,2335,269535.31108289247
875,2336,309826.4755940434
876,2337,200708.66096680472
877,2338,259069.72266818385
878,2339,236379.69424906943
879,2340,360662.66105904954
880,2341,239544.24204694212
881,2342,238151.84158061317
882,2343,238723.60975526285
883,2344,225269.26367878658
884,2345,233973.44461486815
885,2346,217739.5864613247
886,2347,201745.47306282166
887,2348,244909.18606959388
888,2349,178058.02332832105
889,2350,279751.73265008256
890,2351,241761.302165122
891,2352,247312.47439706908
892,2353,262572.2102263742
893,2354,144732.54425373278
894,2355,153603.71283943264
895,2356,165392.4553495173
896,2357,208293.39405110525
897,2358,198857.86391860817
898,2359,124529.33671647217
899,2360,116648.49912540789
900,2361,150286.86686502106
901,2362,261369.47434065107
902,2363,143349.40372583305
903,2364,180865.4761939958
904,2365,215705.35375809018
905,2366,183016.69547005184
906,2367,211160.78028163116
907,2368,204756.59718346386
908,2369,205585.2199150261
909,2370,160474.17346970923
910,2371,158354.82559957786
911,2372,196008.63857848407
912,2373,264066.6664612085
913,2374,299017.82513422763
914,2375,229185.619062328
915,2376,291844.23136157147
916,2377,304975.8638987087
917,2378,146304.4319439371
918,2379,228054.67835746356
919,2380,145691.9258871806
920,2381,177761.6750530064
921,2382,212616.6411633154
922,2383,210543.8188417605
923,2384,245678.5205356438
924,2385,161859.54109563853
925,2386,140624.30811499385
926,2387,125736.2357278713
927,2388,107449.0460816219
928,2389,131407.9580789908
929,2390,145965.44950606092
930,2391,157229.17950344027
931,2392,108031.059878462
932,2393,174674.24674255098
933,2394,135011.3761722754
934,2395,213524.71323934954
935,2396,154218.8936248538
936,2397,210669.2740593457
937,2398,137979.903128759
938,2399,62289.25782787829
939,2400,43525.46505718253
940,2401,121301.03725502803
941,2402,145538.2224595017
942,2403,152230.56568035646
943,2404,146259.2696005758
944,2405,167264.9720697198
945,2406,146146.7890496828
946,2407,132405.91347744758
947,2408,163867.87352843327
948,2409,127013.33428220602
949,2410,183177.21941744245
950,2411,106152.33144951425
951,2412,163117.5444725455
952,2413,124571.12433703488
953,2414,142222.41501593206
954,2415,148690.75340229622
955,2416,128005.82229044056
956,2417,138402.21569828351
957,2418,124469.28886447148
958,2419,135510.2033016309
959,2420,118151.68013015587
960,2421,91645.7625807483
961,2422,109894.97414539463
962,2423,123832.80990133248
963,2424,136106.87934079114
964,2425,254456.5756353482
965,2426,148038.29205529753
966,2427,136171.38985812594
967,2428,190033.26943856024
968,2429,104214.9742844404
969,2430,130091.16377799411
970,2431,121077.94734880677
971,2432,137908.06183498667
972,2433,146174.50905357418
973,2434,134932.28249636176
974,2435,151386.64722104417
975,2436,101573.43057801097
976,2437,104379.2687686081
977,2438,112457.34955158585
978,2439,121818.68504629191
979,2440,142825.02921776054
980,2441,102154.47431338998
981,2442,91374.90397777117
982,2443,135759.5876540033
983,2444,143027.35850807442
984,2445,91740.53163870517
985,2446,134526.69740825926
986,2447,217697.21345529356
987,2448,144713.44825301622
988,2449,124418.79983944236
989,2450,167075.29352857033
990,2451,139637.5743975261
991,2452,210275.97087793937
992,2453,87227.9301429654
993,2454,109580.1998667972
994,2455,140426.7910329753
995,2456,125721.98926111206
996,2457,118422.60838612134
997,2458,124403.34821739595
998,2459,101594.55218768353
999,2460,158576.27864668728
1000,2461,118083.21563295124
1001,2462,127682.04794843623
1002,2463,118981.25785240042
1003,2464,183321.825258823
1004,2465,160042.3371921616
1005,2466,131541.2737615517
1006,2467,151937.8400433748
1007,2468,91006.6143650905
1008,2469,88633.57305312867
1009,2470,195050.24560687458
1010,2471,217285.53967095318
1011,2472,201886.7697724232
1012,2473,90562.2227873673
1013,2474,81153.50685330271
1014,2475,212706.67748729791
1015,2476,80086.9404439925
1016,2477,91063.11648225249
1017,2478,152327.9155986266
1018,2479,98084.25885771785
1019,2480,142485.50731225812
1020,2481,139393.32388370705
1021,2482,105650.04024781694
1022,2483,105621.2326478085
1023,2484,137974.05359469785
1024,2485,122133.80659857031
1025,2486,143768.8169789397
1026,2487,219209.82203566318
1027,2488,159031.40764422028
1028,2489,158395.70993250655
1029,2490,147967.86553444364
1030,2491,98448.63578630204
1031,2492,203472.16877756792
1032,2493,158978.29085180035
1033,2494,157544.17457118747
1034,2495,83869.7845013336
1035,2496,237651.95363202353
1036,2497,163819.88704565947
1037,2498,108716.20932784595
1038,2499,83303.70171293011
1039,2500,121215.30309518857
1040,2501,136520.5590216188
1041,2502,146061.9540903879
1042,2503,100389.4645343636
1043,2504,118515.70862965938
1044,2505,226328.222191924
1045,2506,273854.91968275816
1046,2507,284396.7872422307
1047,2508,274266.5408847546
1048,2509,235565.46052528173
1049,2510,234586.21705028298
1050,2511,189787.37808921176
1051,2512,214843.97311437468
1052,2513,241234.2772566334
1053,2514,243170.28936835215
1054,2515,140628.8813456135
1055,2516,178228.10842803563
1056,2517,149897.4664685675
1057,2518,150007.9120387272
1058,2519,235940.32720307296
1059,2520,224884.8914966688
1060,2521,197571.66339793324
1061,2522,229744.23150060326
1062,2523,117946.69011201628
1063,2524,135295.42413635924
1064,2525,132156.125386043
1065,2526,145011.7617552512
1066,2527,118130.93777351873
1067,2528,124645.0795666594
1068,2529,138537.50890603487
1069,2530,127501.17465768871
1070,2531,253851.9046962075
1071,2532,229451.85862197273
1072,2533,218442.18212913105
1073,2534,251958.5062972823
1074,2535,280987.93578219286
1075,2536,241717.1279021136
1076,2537,235982.7264046988
1077,2538,195502.3155729951
1078,2539,202006.98891248507
1079,2540,190337.04655034398
1080,2541,191246.58069999237
1081,2542,166382.49006316112
1082,2543,123893.45894087106
1083,2544,133581.78323816764
1084,2545,154690.78461802274
1085,2546,151811.3301437389
1086,2547,150102.21071372693
1087,2548,176493.02085770713
1088,2549,160499.7503358107
1089,2550,579934.501544032
1090,2551,137827.2301376455
1091,2552,135267.7343898029
1092,2553,70167.16126076912
1093,2554,100777.20728875115
1094,2555,105844.78031558718
1095,2556,92431.5374630536
1096,2557,119071.99352503358
1097,2558,205397.7855747263
1098,2559,143912.01211447886
1099,2560,160094.07360375614
1100,2561,130501.93989225652
1101,2562,152163.01211865188
1102,2563,130701.24624593882
1103,2564,183784.83060710458
1104,2565,143430.50362207973
1105,2566,132982.11449759814
1106,2567,115351.90962317784
1107,2568,214085.59382623388
1108,2569,206065.30201798293
1109,2570,120870.70166132285
1110,2571,184663.85262570053
1111,2572,156152.38474766817
1112,2573,235181.5379657423
1113,2574,224849.00805814844
1114,2575,147437.3200442203
1115,2576,140052.8647713965
1116,2577,142050.34124458488
1117,2578,81491.90608039917
1118,2579,33133.728739594866
1119,2580,110659.97603459517
1120,2581,146461.3139639896
1121,2582,133181.5313339188
1122,2583,261599.10893601028
1123,2584,168452.9471533578
1124,2585,205473.5064280734
1125,2586,232174.97207171516
1126,2587,206180.34832648362
1127,2588,138659.00316833158
1128,2589,145432.4191697169
1129,2590,218744.89240499283
1130,2591,248904.44011217495
1131,2592,222275.92320185294
1132,2593,295787.8130205561
1133,2594,184900.79837375658
1134,2595,219016.83361428126
1135,2596,308104.587572039
1136,2597,203999.8525091525
1137,2598,269028.31205154525
1138,2599,317852.4361277084
1139,2600,91395.28932646301
1140,2601,145521.90541808482
1141,2602,70601.13327203505
1142,2603,85143.08508605289
1143,2604,76680.68630688207
1144,2605,73152.60364855046
1145,2606,153032.3653632456
1146,2607,223201.76638318435
1147,2608,215202.4354918002
1148,2609,177290.04054001463
1149,2610,101895.47320696642
1150,2611,145258.69513163157
1151,2612,148941.81900348782
1152,2613,126077.89370027836
1153,2614,118158.71477633237
1154,2615,167130.74746989296
1155,2616,165135.6713872234
1156,2617,208534.274760872
1157,2618,237110.56759616348
1158,2619,219725.969282971
1159,2620,193232.84640048316
1160,2621,173321.06469849206
1161,2622,189984.49479258165
1162,2623,244125.15026248188
1163,2624,300219.7317060224
1164,2625,259264.69753096718
1165,2626,177531.7533063991
1166,2627,159780.38156881288
1167,2628,374009.0583210926
1168,2629,395007.36207679135
1169,2630,326069.38917191536
1170,2631,385357.35142485495
1171,2632,347164.0634872869
1172,2633,264436.96579435735
1173,2634,340910.9026720482
1174,2635,157634.12396310782
1175,2636,191419.41846228356
1176,2637,196911.62075484544
1177,2638,252202.53087561543
1178,2639,183084.5194170545
1179,2640,158159.88523144543
1180,2641,110463.73361277173
1181,2642,184491.8538403234
1182,2643,118929.40791133058
1183,2644,126845.1055896068
1184,2645,112750.89447908977
1185,2646,102523.18295403209
1186,2647,122601.0146205161
1187,2648,138877.2604632324
1188,2649,151023.8354415635
1189,2650,131183.56377782347
1190,2651,136764.79938804766
1191,2652,343461.51514889894
1192,2653,250685.99861404102
1193,2654,255127.23528924224
1194,2655,351992.3533415729
1195,2656,307148.2959514663
1196,2657,308828.4118518308
1197,2658,291804.1485437086
1198,2659,288167.20820399537
1199,2660,314988.7314510915
1200,2661,314651.5470165417
1201,2662,320492.1250563767
1202,2663,264472.6917391637
1203,2664,252902.75766097894
1204,2665,319107.4582258407
1205,2666,274851.02302786
1206,2667,184793.41224111873
1207,2668,194409.00184976263
1208,2669,188685.03132925334
1209,2670,277160.2396707536
1210,2671,200706.2112428752
1211,2672,200616.31131632498
1212,2673,198961.3809688387
1213,2674,202821.02288795984
1214,2675,179662.1606418026
1215,2676,207038.4827147181
1216,2677,203930.45908464713
1217,2678,255209.66588998667
1218,2679,268817.057301597
1219,2680,271233.4063141971
1220,2681,361994.42316700495
1221,2682,310790.92148705816
1222,2683,433984.0022299711
1223,2684,303584.4916976923
1224,2685,313699.0669098757
1225,2686,260691.65668717038
1226,2687,293731.6855897765
1227,2688,219229.01930800267
1228,2689,210806.75416376488
1229,2690,337488.0196321717
1230,2691,190751.14380371105
1231,2692,143203.2981116363
1232,2693,213822.17861441907
1233,2694,144874.2564776122
1234,2695,209637.75260950532
1235,2696,194149.06154820335
1236,2697,198938.29028613097
1237,2698,205241.54503404663
1238,2699,167264.56788264576
1239,2700,150290.17922672536
1240,2701,161617.25390642358
1241,2702,126199.39937782963
1242,2703,148826.86219506525
1243,2704,149133.0408909286
1244,2705,108995.55183508841
1245,2706,110561.04874394566
1246,2707,134934.4941401201
1247,2708,119693.65820928325
1248,2709,100670.88873359398
1249,2710,127249.49622498732
1250,2711,156575.4236321965
1251,2712,345838.15472704277
1252,2713,171622.9521182673
1253,2714,142713.8546998899
1254,2715,169363.0905042746
1255,2716,144715.2507886181
1256,2717,191149.49079986895
1257,2718,222159.59865714866
1258,2719,131224.96694827557
1259,2720,194617.27434267732
1260,2721,126184.6562661872
1261,2722,182568.3415258457
1262,2723,155034.59433034842
1263,2724,113523.76398445154
1264,2725,128004.04265085561
1265,2726,142508.89026770275
1266,2727,157903.88931092806
1267,2728,188052.1028557123
1268,2729,143305.4651449198
1269,2730,138180.26461940235
1270,2731,129897.62477859529
1271,2732,125698.35290099063
1272,2733,165356.61404056707
1273,2734,158835.1948468649
1274,2735,135726.6477840395
1275,2736,139611.79228610347
1276,2737,107601.91119786678
1277,2738,138943.3281825462
1278,2739,149749.9960038436
1279,2740,143441.7917154499
1280,2741,139734.71359705133
1281,2742,183428.82104932587
1282,2743,149590.10227529868
1283,2744,165843.47625029576
1284,2745,149764.4249247515
1285,2746,122934.05011430092
1286,2747,163847.32647583424
1287,2748,130999.87759023998
1288,2749,140598.03802350862
1289,2750,123151.98526849214
1290,2751,124485.3165473002
1291,2752,211214.70036409982
1292,2753,188742.04383195506
1293,2754,248855.58234915195
1294,2755,148017.47743263177
1295,2756,89281.32394721324
1296,2757,83146.44342816772
1297,2758,77240.48348460987
1298,2759,173031.42450791178
1299,2760,144492.61860580428
1300,2761,150473.58879194048
1301,2762,147008.77306098107
1302,2763,196947.65081985795
1303,2764,169119.62930411485
1304,2765,257790.87794538843
1305,2766,138711.09453075798
1306,2767,70409.7503790718
1307,2768,116209.2971258394
1308,2769,136446.78741385392
1309,2770,146383.18542803568
1310,2771,100357.42422632745
1311,2772,78699.75827347173
1312,2773,167378.2734066567
1313,2774,140634.3523684129
1314,2775,121184.32256095612
1315,2776,148144.1453292542
1316,2777,170354.00716484105
1317,2778,117101.0176045692
1318,2779,139069.57113376574
1319,2780,120269.10240502725
1320,2781,88863.2123583568
1321,2782,97762.55669037788
1322,2783,97263.51514460752
1323,2784,104442.67505107494
1324,2785,155354.73282677622
1325,2786,43670.708339599776
1326,2787,122394.06447156088
1327,2788,69021.50402072503
1328,2789,177328.2134793707
1329,2790,102630.54074714589
1330,2791,114382.7168703319
1331,2792,77276.58768626291
1332,2793,160563.843766839
1333,2794,89465.55497433536
1334,2795,111378.33488347172
1335,2796,88815.99859285844
1336,2797,199918.61665546626
1337,2798,123830.43496470188
1338,2799,130519.4472004209
1339,2800,85539.5446852626
1340,2801,115558.58117266255
1341,2802,120576.54178124818
1342,2803,164430.6530477698
1343,2804,137055.8779956391
1344,2805,104012.58972267399
1345,2806,78863.78512484336
1346,2807,168565.69187669246
1347,2808,167655.2626368187
1348,2809,117735.94856636063
1349,2810,124243.25658861094
1350,2811,185755.40640006575
1351,2812,169924.34585860616
1352,2813,175995.38232231315
1353,2814,170928.47885063675
1354,2815,102491.93868246139
1355,2816,229959.6978945661
1356,2817,166496.17114538373
1357,2818,122022.26504753612
1358,2819,181289.43092486053
1359,2820,144103.35924458597
1360,2821,116212.76514434186
1361,2822,196112.98016948684
1362,2823,314138.39985551813
1363,2824,195318.9660279667
1364,2825,180777.0583381314
1365,2826,132922.439197722
1366,2827,139799.089852412
1367,2828,242542.7216455281
1368,2829,224794.02857329708
1369,2830,225387.47869293927
1370,2831,204257.12435678032
1371,2832,236339.62562691537
1372,2833,278891.73347511026
1373,2834,225374.10831737914
1374,2835,231529.94003134244
1375,2836,218160.62234440912
1376,2837,169651.720511358
1377,2838,140990.6000788482
1378,2839,186600.26496621396
1379,2840,204712.3358032339
1380,2841,212399.1347256141
1381,2842,232741.06341118517
1382,2843,162023.49766318314
1383,2844,178022.15580414108
1384,2845,118213.88321622182
1385,2846,225055.64372443408
1386,2847,212555.13835581753
1387,2848,218512.30398468964
1388,2849,208912.23062567273
1389,2850,279885.0870653263
1390,2851,220922.04487867444
1391,2852,233164.08696253493
1392,2853,240409.21373979887
1393,2854,148862.49487891758
1394,2855,209629.1445980724
1395,2856,212522.85608470428
1396,2857,198441.9067299622
1397,2858,215781.9049397934
1398,2859,118372.36053341837
1399,2860,121066.35986761877
1400,2861,138125.13250094873
1401,2862,220419.61045949766
1402,2863,142286.08522333042
1403,2864,247341.83377725107
1404,2865,136653.3376040305
1405,2866,169619.07931842294
1406,2867,94365.36915040528
1407,2868,130759.99054688518
1408,2869,113524.55630639696
1409,2870,144603.03323526506
1410,2871,79972.9866925613
1411,2872,17776.421623309492
1412,2873,93457.80510235345
1413,2874,134295.3920484942
1414,2875,104615.69312501128
1415,2876,169022.78701527847
1416,2877,136403.0751895134
1417,2878,158806.90869505948
1418,2879,131702.7465977054
1419,2880,103729.13262635237
1420,2881,144632.23378839158
1421,2882,163109.08678253775
1422,2883,193525.99633852497
1423,2884,192984.11278463865
1424,2885,169890.5570433276
1425,2886,224048.33926555444
1426,2887,104480.91800865531
1427,2888,154227.96592944395
1428,2889,48134.31661771622
1429,2890,70711.6910249833
1430,2891,147507.31802054925
1431,2892,43724.342162378656
1432,2893,85676.1174562847
1433,2894,58759.03597360215
1434,2895,283349.46284324443
1435,2896,257140.64558128105
1436,2897,210124.53570757166
1437,2898,171029.85480477335
1438,2899,221853.66894524638
1439,2900,148130.46563909703
1440,2901,200683.5215324741
1441,2902,190037.35217462236
1442,2903,300357.40102189756
1443,2904,320695.3434278072
1444,2905,65703.09215870441
1445,2906,209816.04796036263
1446,2907,108540.85138989496
1447,2908,121006.97919682041
1448,2909,167455.66135823925
1449,2910,52308.33304754394
1450,2911,70161.5365986271
1451,2912,161908.1634478605
1452,2913,74735.34476618201
1453,2914,60110.32023380458
1454,2915,66544.56716447714
1455,2916,76514.8697297062
1456,2917,166762.90136030677
1457,2918,98353.55352967419
1458,2919,237255.79586581548
